"Position","Name","Salary","GameInfo","AvgPointsPerGame","teamAbbrev"
"F","Harry Kane",11000,"BUR vs TOT 12:30PM ET",18.490,"TOT"
"M/F","Kevin De Bruyne",10700,"MCI vs BOU 10:00AM ET",14.861,"MCI"
"F","Sergio Aguero",10500,"MCI vs BOU 10:00AM ET",15.111,"MCI"
"M/F","Raheem Sterling",9900,"MCI vs BOU 10:00AM ET",12.792,"MCI"
"M/F","Leroy Sane",9600,"MCI vs BOU 10:00AM ET",11.033,"MCI"
"M","Christian Eriksen",9400,"BUR vs TOT 12:30PM ET",16.429,"TOT"
"M","Xherdan Shaqiri",9300,"STK vs WBA 10:00AM ET",13.793,"STK"
"M/F","Gabriel Jesus",9200,"MCI vs BOU 10:00AM ET",9.462,"MCI"
"M","David Silva",8800,"MCI vs BOU 10:00AM ET",10.771,"MCI"
"F"," Richarlison",8500,"BHA vs WAT 10:00AM ET",13.014,"WAT"
"M/F","Son Heung-Min",8300,"BUR vs TOT 12:30PM ET",8.667,"TOT"
"M/F","Wilfried Zaha",8100,"SWA vs CRY 10:00AM ET",11.115,"CRY"
"M","Dele Alli",7900,"BUR vs TOT 12:30PM ET",9.924,"TOT"
"M","Manuel Lanzini",7600,"WHU vs NEW 10:00AM ET",9.135,"WHU"
"M","Aaron Mooy",7500,"SOU vs HUD 10:00AM ET",12.283,"HUD"
"M/F","Bernardo Silva",7400,"MCI vs BOU 10:00AM ET",4.817,"MCI"
"M","Matt Ritchie",7300,"WHU vs NEW 10:00AM ET",10.671,"NEW"
"M/F","Andros Townsend",7200,"SWA vs CRY 10:00AM ET",8.764,"CRY"
"F","Fernando Llorente",7100,"BUR vs TOT 12:30PM ET",1.281,"TOT"
"M/F","Pascal Groß",7000,"BHA vs WAT 10:00AM ET",10.000,"BHA"
"M/F","Erik Lamela",6900,"BUR vs TOT 12:30PM ET",3.450,"TOT"
"F","Charlie Austin",6900,"SOU vs HUD 10:00AM ET",5.767,"SOU"
"M","Yohan Cabaye",6800,"SWA vs CRY 10:00AM ET",9.333,"CRY"
"F","Javier Chicharito",6800,"WHU vs NEW 10:00AM ET",8.850,"WHU"
"M/F","Johann Berg Gudmundsson",6700,"BUR vs TOT 12:30PM ET",9.190,"BUR"
"D","Kieran Trippier",6500,"BUR vs TOT 12:30PM ET",10.375,"TOT"
"M","Dusan Tadic",6500,"SOU vs HUD 10:00AM ET",8.188,"SOU"
"M/F","Marko Arnautovic",6500,"WHU vs NEW 10:00AM ET",7.694,"WHU"
"D","Danny Rose",6400,"BUR vs TOT 12:30PM ET",9.464,"TOT"
"M/F","Eric Maxim Choupo-Moting",6400,"STK vs WBA 10:00AM ET",7.500,"STK"
"M/F","Michail Antonio",6300,"WHU vs NEW 10:00AM ET",7.125,"WHU"
"D","Jose Holebas",6200,"BHA vs WAT 10:00AM ET",9.482,"WAT"
"M/F","Nathan Redmond",6200,"SOU vs HUD 10:00AM ET",5.985,"SOU"
"D","Ben Davies",6100,"BUR vs TOT 12:30PM ET",9.071,"TOT"
"M","James Ward-Prowse",6100,"SOU vs HUD 10:00AM ET",4.946,"SOU"
"F","Glenn Murray",6000,"BHA vs WAT 10:00AM ET",5.266,"BHA"
"D","Serge Aurier",6000,"BUR vs TOT 12:30PM ET",9.563,"TOT"
"GK","Ederson Ederson",6000,"MCI vs BOU 10:00AM ET",9.080,"MCI"
"GK","Claudio Bravo",5900,"MCI vs BOU 10:00AM ET",3.000,"MCI"
"F","Phil Foden",5900,"MCI vs BOU 10:00AM ET",2.667,"MCI"
"M","Matt Phillips",5900,"STK vs WBA 10:00AM ET",6.721,"WBA"
"M","Anthony Knockaert",5800,"BHA vs WAT 10:00AM ET",6.706,"BHA"
"F","Steve Mounie",5800,"SOU vs HUD 10:00AM ET",6.125,"HUD"
"M","Mame Biram Diouf",5800,"STK vs WBA 10:00AM ET",8.338,"STK"
"M","Will Hughes",5700,"BHA vs WAT 10:00AM ET",8.650,"WAT"
"GK","Hugo Lloris",5700,"BUR vs TOT 12:30PM ET",8.038,"TOT"
"F"," Jese",5700,"STK vs WBA 10:00AM ET",4.778,"STK"
"F","Tomer Hemed",5600,"BHA vs WAT 10:00AM ET",4.667,"BHA"
"GK","Michel Vorm",5600,"BUR vs TOT 12:30PM ET",10.000,"TOT"
"M","Georges-Kevin Nkoudou",5600,"BUR vs TOT 12:30PM ET",8.917,"TOT"
"GK","Fraser Forster",5500,"SOU vs HUD 10:00AM ET",7.111,"SOU"
"M","Steven Davis",5500,"SOU vs HUD 10:00AM ET",6.773,"SOU"
"F","Andre Ayew",5500,"WHU vs NEW 10:00AM ET",5.083,"WHU"
"GK","Alex McCarthy",5400,"SOU vs HUD 10:00AM ET",0,"SOU"
"D","Ryan Bertrand",5400,"SOU vs HUD 10:00AM ET",7.810,"SOU"
"M","Sofiane Boufal",5400,"SOU vs HUD 10:00AM ET",4.946,"SOU"
"F","Christian Benteke",5400,"SWA vs CRY 10:00AM ET",3.731,"CRY"
"F","Andy Carroll",5400,"WHU vs NEW 10:00AM ET",2.344,"WHU"
"M","Tom Cleverley",5300,"BHA vs WAT 10:00AM ET",6.132,"WAT"
"M","Ilkay Gundogan",5300,"MCI vs BOU 10:00AM ET",3.868,"MCI"
"F","Jordan Ayew",5300,"SWA vs CRY 10:00AM ET",7.875,"SWA"
"F","Diafra Sakho",5300,"WHU vs NEW 10:00AM ET",3.583,"WHU"
"F","Dwight Gayle",5300,"WHU vs NEW 10:00AM ET",4.817,"NEW"
"F","Manolo Gabbiadini",5200,"SOU vs HUD 10:00AM ET",3.132,"SOU"
"M","Ruben Loftus-Cheek",5200,"SWA vs CRY 10:00AM ET",7.446,"CRY"
"D","Arthur Masuaku",5200,"WHU vs NEW 10:00AM ET",6.558,"WHU"
"D","Kyle Walker",5100,"MCI vs BOU 10:00AM ET",6.685,"MCI"
"M","Junior Stanislas",5100,"MCI vs BOU 10:00AM ET",8.111,"BOU"
"F","Callum Wilson",5100,"MCI vs BOU 10:00AM ET",7.563,"BOU"
"GK","Jack Butland",5100,"STK vs WBA 10:00AM ET",4.313,"STK"
"M/F","Jay Rodriguez",5100,"STK vs WBA 10:00AM ET",5.309,"WBA"
"F","Tammy Abraham",5100,"SWA vs CRY 10:00AM ET",6.484,"SWA"
"M","Solly March",5000,"BHA vs WAT 10:00AM ET",5.250,"BHA"
"M/F","Troy Deeney",5000,"BHA vs WAT 10:00AM ET",3.615,"WAT"
"D"," Danilo",5000,"MCI vs BOU 10:00AM ET",4.854,"MCI"
"D","Cedric Soares",5000,"SOU vs HUD 10:00AM ET",7.237,"SOU"
"F","Laurent Depoitre",5000,"SOU vs HUD 10:00AM ET",4.783,"HUD"
"GK","Lee Grant",5000,"STK vs WBA 10:00AM ET",1.000,"STK"
"M","Chris Brunt",5000,"STK vs WBA 10:00AM ET",6.982,"WBA"
"GK"," Adrian",5000,"WHU vs NEW 10:00AM ET",10.375,"WHU"
"D","Jeremy Pied",4900,"SOU vs HUD 10:00AM ET",9.500,"SOU"
"M","Josh Sims",4900,"SOU vs HUD 10:00AM ET",0,"SOU"
"F","Shane Long",4900,"SOU vs HUD 10:00AM ET",4.028,"SOU"
"M/F","Nacer Chadli",4900,"STK vs WBA 10:00AM ET",4.750,"WBA"
"GK","Julian Speroni",4900,"SWA vs CRY 10:00AM ET",5.667,"CRY"
"D","Martin Olsson",4900,"SWA vs CRY 10:00AM ET",6.813,"SWA"
"M","Renato Sanches",4900,"SWA vs CRY 10:00AM ET",5.722,"SWA"
"F","Wilfried Bony",4900,"SWA vs CRY 10:00AM ET",5.475,"SWA"
"GK","Joe Hart",4900,"WHU vs NEW 10:00AM ET",4.794,"WHU"
"D","Aaron Cresswell",4900,"WHU vs NEW 10:00AM ET",8.153,"WHU"
"F","Antonio Martinez",4900,"WHU vs NEW 10:00AM ET",0,"WHU"
"GK","Mat Ryan",4800,"BHA vs WAT 10:00AM ET",5.979,"BHA"
"F","Andre Gray",4800,"BHA vs WAT 10:00AM ET",3.444,"WAT"
"D","Fabian Delph",4800,"MCI vs BOU 10:00AM ET",5.618,"MCI"
"M","Ryan Fraser",4800,"MCI vs BOU 10:00AM ET",6.525,"BOU"
"F","Joshua King",4800,"MCI vs BOU 10:00AM ET",8.566,"BOU"
"D","Matt Targett",4800,"SOU vs HUD 10:00AM ET",0,"SOU"
"M","Rajiv van La Parra",4800,"SOU vs HUD 10:00AM ET",6.000,"HUD"
"F","Peter Crouch",4800,"STK vs WBA 10:00AM ET",3.143,"STK"
"M/F","Hal Robson-Kanu",4800,"STK vs WBA 10:00AM ET",5.031,"WBA"
"GK","Wayne Hennessey",4800,"SWA vs CRY 10:00AM ET",6.154,"CRY"
"D","Patrick van Aanholt",4800,"SWA vs CRY 10:00AM ET",4.472,"CRY"
"M","Tom Carroll",4800,"SWA vs CRY 10:00AM ET",6.188,"SWA"
"GK","Tim Krul",4700,"BHA vs WAT 10:00AM ET",0,"BHA"
"GK","Heurelho Gomes",4700,"BHA vs WAT 10:00AM ET",4.861,"WAT"
"F","Ashley Barnes",4700,"BUR vs TOT 12:30PM ET",3.500,"BUR"
"D","Nicolas Otamendi",4700,"MCI vs BOU 10:00AM ET",6.663,"MCI"
"M","Tom Ince",4700,"SOU vs HUD 10:00AM ET",6.735,"HUD"
"F","Collin Quaner",4700,"SOU vs HUD 10:00AM ET",4.325,"HUD"
"M","Bakary Sako",4700,"SWA vs CRY 10:00AM ET",4.250,"CRY"
"F","Levi Lumeka",4700,"SWA vs CRY 10:00AM ET",5.500,"CRY"
"D","Jesus Gamez",4700,"WHU vs NEW 10:00AM ET",5.875,"NEW"
"M","Christian Atsu",4700,"WHU vs NEW 10:00AM ET",7.016,"NEW"
"F"," Joselu",4700,"WHU vs NEW 10:00AM ET",5.719,"NEW"
"GK","Orestis Karnezis",4600,"BHA vs WAT 10:00AM ET",3.571,"WAT"
"D","Daryl Janmaat",4600,"BHA vs WAT 10:00AM ET",7.125,"WAT"
"M","Abdoulaye Doucoure",4600,"BHA vs WAT 10:00AM ET",6.986,"WAT"
"F","Stefano Okaka",4600,"BHA vs WAT 10:00AM ET",3.833,"WAT"
"F","Chris Wood",4600,"BUR vs TOT 12:30PM ET",5.167,"BUR"
"M","Yaya Toure",4600,"MCI vs BOU 10:00AM ET",2.200,"MCI"
"D","Sam McQueen",4600,"SOU vs HUD 10:00AM ET",0.167,"SOU"
"F","Saido Berahino",4600,"STK vs WBA 10:00AM ET",1.594,"STK"
"GK","Lukasz Fabianski",4600,"SWA vs CRY 10:00AM ET",7.816,"SWA"
"F","Aleksandar Mitrovic",4600,"WHU vs NEW 10:00AM ET",6.025,"NEW"
"D","Marvin Zeegelaar",4500,"BHA vs WAT 10:00AM ET",4.850,"WAT"
"M/F","Jamie Murphy",4500,"BHA vs WAT 10:00AM ET",2.125,"BHA"
"F","Jose Izquierdo",4500,"BHA vs WAT 10:00AM ET",3.857,"BHA"
"F","Isaac Success",4500,"BHA vs WAT 10:00AM ET",0,"WAT"
"D","Kyle Walker-Peters",4500,"BUR vs TOT 12:30PM ET",4.333,"TOT"
"GK","Erwin Mulder",4500,"SWA vs CRY 10:00AM ET",0,"SWA"
"GK","Kristoffer Nordfeldt",4500,"SWA vs CRY 10:00AM ET",0,"SWA"
"D","Joel Ward",4500,"SWA vs CRY 10:00AM ET",6.607,"CRY"
"F","Connor Wickham",4500,"SWA vs CRY 10:00AM ET",0,"CRY"
"M","Mikel Merino",4500,"WHU vs NEW 10:00AM ET",6.750,"NEW"
"D","Ales Mateju",4400,"BHA vs WAT 10:00AM ET",0,"BHA"
"D","Kiko Femenia",4400,"BHA vs WAT 10:00AM ET",6.533,"WAT"
"M/F","Jordon Ibe",4400,"MCI vs BOU 10:00AM ET",6.328,"BOU"
"F","Jermain Defoe",4400,"MCI vs BOU 10:00AM ET",4.850,"BOU"
"GK","Ben Foster",4400,"STK vs WBA 10:00AM ET",3.853,"WBA"
"M","James McClean",4400,"STK vs WBA 10:00AM ET",5.013,"WBA"
"F","Salomon Rondon",4400,"STK vs WBA 10:00AM ET",4.607,"WBA"
"M/F","Luciano Narsingh",4400,"SWA vs CRY 10:00AM ET",2.333,"SWA"
"D","DeAndre Yedlin",4400,"WHU vs NEW 10:00AM ET",4.828,"NEW"
"F","Ayoze Perez",4400,"WHU vs NEW 10:00AM ET",4.544,"NEW"
"M/F","Jerome Sinclair",4300,"BHA vs WAT 10:00AM ET",0,"WAT"
"F","Sam Vokes",4300,"BUR vs TOT 12:30PM ET",4.203,"BUR"
"GK","Boaz Myhill",4300,"STK vs WBA 10:00AM ET",0.000,"WBA"
"D","Erik Pieters",4300,"STK vs WBA 10:00AM ET",4.944,"STK"
"M","Ramadan Sobhi",4300,"STK vs WBA 10:00AM ET",3.672,"STK"
"D","Pape Souare",4300,"SWA vs CRY 10:00AM ET",0,"CRY"
"M","Nathan Dyer",4300,"SWA vs CRY 10:00AM ET",3.250,"SWA"
"F","Freddie Ladapo",4300,"SWA vs CRY 10:00AM ET",1.500,"CRY"
"GK","Robert Elliot",4300,"WHU vs NEW 10:00AM ET",5.071,"NEW"
"F","Isaiah Brown",4200,"BHA vs WAT 10:00AM ET",1.104,"BHA"
"D","Charlie Daniels",4200,"MCI vs BOU 10:00AM ET",7.139,"BOU"
"D","Josh Tymon",4200,"STK vs WBA 10:00AM ET",4.000,"STK"
"D","Kyle Naughton",4200,"SWA vs CRY 10:00AM ET",6.618,"SWA"
"M","Jason Puncheon",4200,"SWA vs CRY 10:00AM ET",2.833,"CRY"
"GK","Karl Darlow",4200,"WHU vs NEW 10:00AM ET",2.500,"NEW"
"M","Jonjo Shelvey",4200,"WHU vs NEW 10:00AM ET",4.192,"NEW"
"D","Markus Suttner",4100,"BHA vs WAT 10:00AM ET",4.833,"BHA"
"M/F","Andre Carrillo",4100,"BHA vs WAT 10:00AM ET",3.917,"WAT"
"GK","Nick Pope",4100,"BUR vs TOT 12:30PM ET",10.800,"BUR"
"M","Scott Arfield",4100,"BUR vs TOT 12:30PM ET",5.818,"BUR"
"M/F","Jonathan Walters",4100,"BUR vs TOT 12:30PM ET",0.875,"BUR"
"D","John Stones",4100,"MCI vs BOU 10:00AM ET",5.472,"MCI"
"M","Sam Clucas",4100,"SWA vs CRY 10:00AM ET",5.125,"SWA"
"M/F","Lee Chung-yong",4100,"SWA vs CRY 10:00AM ET",3.250,"CRY"
"D","Pablo Zabaleta",4100,"WHU vs NEW 10:00AM ET",5.868,"WHU"
"M","Jacob Murphy",4100,"WHU vs NEW 10:00AM ET",3.813,"NEW"
"D","Ezequiel Schelotto",4000,"BHA vs WAT 10:00AM ET",1.667,"BHA"
"GK","Tom Heaton",4000,"BUR vs TOT 12:30PM ET",3.250,"BUR"
"GK","Anders Lindegaard",4000,"BUR vs TOT 12:30PM ET",0,"BUR"
"M"," Fernandinho",4000,"MCI vs BOU 10:00AM ET",4.481,"MCI"
"F","Benik Afobe",4000,"MCI vs BOU 10:00AM ET",1.577,"BOU"
"GK","Jonas Lossl",4000,"SOU vs HUD 10:00AM ET",5.500,"HUD"
"D","Allan Nyom",4000,"STK vs WBA 10:00AM ET",6.233,"WBA"
"M","Joe Allen",4000,"STK vs WBA 10:00AM ET",5.300,"STK"
"M","Oliver Burke",4000,"STK vs WBA 10:00AM ET",2.000,"WBA"
"M","Sullay Kaikai",4000,"SWA vs CRY 10:00AM ET",1.500,"CRY"
"D","Massadio Haidara",4000,"WHU vs NEW 10:00AM ET",0,"NEW"
"D","Liam Rosenior",3900,"BHA vs WAT 10:00AM ET",2.083,"BHA"
"D","Stephen Ward",3900,"BUR vs TOT 12:30PM ET",6.924,"BUR"
"GK","Joel Coleman",3900,"SOU vs HUD 10:00AM ET",0,"HUD"
"D","Florent Hadergjonaj",3900,"SOU vs HUD 10:00AM ET",4.821,"HUD"
"M","Grzegorz Krychowiak",3900,"STK vs WBA 10:00AM ET",5.679,"WBA"
"D","Jeffrey Schlupp",3900,"SWA vs CRY 10:00AM ET",4.583,"CRY"
"D","Chancel Mbemba",3900,"WHU vs NEW 10:00AM ET",5.568,"NEW"
"M","Rolando Aarons",3900,"WHU vs NEW 10:00AM ET",2.833,"NEW"
"D","Gaetan Bong",3800,"BHA vs WAT 10:00AM ET",4.861,"BHA"
"D","Jan Vertonghen",3800,"BUR vs TOT 12:30PM ET",5.913,"TOT"
"D","Adam Smith",3800,"MCI vs BOU 10:00AM ET",4.344,"BOU"
"D","Eliaquim Mangala",3800,"MCI vs BOU 10:00AM ET",1.556,"MCI"
"F","Lys Mousset",3800,"MCI vs BOU 10:00AM ET",1.542,"BOU"
"D","Scott Malone",3800,"SOU vs HUD 10:00AM ET",4.833,"HUD"
"M","Mario Lemina",3800,"SOU vs HUD 10:00AM ET",5.317,"SOU"
"D","Kurt Zouma",3800,"STK vs WBA 10:00AM ET",5.391,"STK"
"D","Angel Rangel",3800,"SWA vs CRY 10:00AM ET",0.000,"SWA"
"D","Martin Kelly",3800,"SWA vs CRY 10:00AM ET",4.833,"CRY"
"D","Sam Byram",3800,"WHU vs NEW 10:00AM ET",0,"WHU"
"D","Paul Dummett",3800,"WHU vs NEW 10:00AM ET",0.000,"NEW"
"M","Henri Saivet",3800,"WHU vs NEW 10:00AM ET",0,"NEW"
"D"," Bruno",3700,"BHA vs WAT 10:00AM ET",3.469,"BHA"
"F","Sam Baldock",3700,"BHA vs WAT 10:00AM ET",0,"BHA"
"F","James Tilley",3700,"BHA vs WAT 10:00AM ET",0,"BHA"
"F","Aaron Connolly",3700,"BHA vs WAT 10:00AM ET",0,"BHA"
"D","Phil Bardsley",3700,"BUR vs TOT 12:30PM ET",6.150,"BUR"
"F","Nahki Wells",3700,"BUR vs TOT 12:30PM ET",0,"BUR"
"F","Kazaiah Sterling",3700,"BUR vs TOT 12:30PM ET",0.000,"TOT"
"D","Vincent Kompany",3700,"MCI vs BOU 10:00AM ET",1.688,"MCI"
"M/F","Oleksandr Zinchenko",3700,"MCI vs BOU 10:00AM ET",1.333,"MCI"
"F","Matt Butcher",3700,"MCI vs BOU 10:00AM ET",0,"BOU"
"F","Lukas Nmecha",3700,"MCI vs BOU 10:00AM ET",0,"MCI"
"D","Chris Lowe",3700,"SOU vs HUD 10:00AM ET",4.750,"HUD"
"M","Pierre-Emile Højbjerg",3700,"SOU vs HUD 10:00AM ET",4.300,"SOU"
"F","Elias Kachunga",3700,"SOU vs HUD 10:00AM ET",5.765,"HUD"
"F","Joe Lolley",3700,"SOU vs HUD 10:00AM ET",0.000,"HUD"
"D","Thomas Edwards",3700,"STK vs WBA 10:00AM ET",1.875,"STK"
"D","Kieran Gibbs",3700,"STK vs WBA 10:00AM ET",4.917,"WBA"
"M","Darren Fletcher",3700,"STK vs WBA 10:00AM ET",5.900,"STK"
"F","Julien Ngoy",3700,"STK vs WBA 10:00AM ET",0,"STK"
"F","Thibaud Verlinden",3700,"STK vs WBA 10:00AM ET",0,"STK"
"F","Rayhaan Tulloch",3700,"STK vs WBA 10:00AM ET",0,"WBA"
"D","Timothy Fosu-Mensah",3700,"SWA vs CRY 10:00AM ET",4.229,"CRY"
"M","Ki Sung-yueng",3700,"SWA vs CRY 10:00AM ET",3.825,"SWA"
"F","Oliver McBurnie",3700,"SWA vs CRY 10:00AM ET",0.821,"SWA"
"D","Jamie Sterry",3700,"WHU vs NEW 10:00AM ET",0,"NEW"
"D","Toby Alderweireld",3600,"BUR vs TOT 12:30PM ET",3.611,"TOT"
"D","Davinson Sanchez",3600,"BUR vs TOT 12:30PM ET",3.060,"TOT"
"GK","Asmir Begovic",3600,"MCI vs BOU 10:00AM ET",6.000,"BOU"
"D","Tommy Smith",3600,"SOU vs HUD 10:00AM ET",5.518,"HUD"
"D","Maya Yoshida",3600,"SOU vs HUD 10:00AM ET",4.984,"SOU"
"D","Glen Johnson",3600,"STK vs WBA 10:00AM ET",2.417,"STK"
"M","Sam Field",3600,"STK vs WBA 10:00AM ET",4.750,"WBA"
"M","Leroy Fer",3600,"SWA vs CRY 10:00AM ET",3.983,"SWA"
"D","Javier Manquillo",3600,"WHU vs NEW 10:00AM ET",3.583,"NEW"
"GK","Niki Maenpaa",3500,"BHA vs WAT 10:00AM ET",0,"BHA"
"GK","Daniel Bachmann",3500,"BHA vs WAT 10:00AM ET",0,"WAT"
"M","Roberto Pereyra",3500,"BHA vs WAT 10:00AM ET",3.135,"WAT"
"GK","Adam Legzdins",3500,"BUR vs TOT 12:30PM ET",0,"BUR"
"GK","Paulo Gazzaniga",3500,"BUR vs TOT 12:30PM ET",16.000,"TOT"
"GK","Alfie Whiteman",3500,"BUR vs TOT 12:30PM ET",0,"TOT"
"D","Matthew Lowton",3500,"BUR vs TOT 12:30PM ET",6.115,"BUR"
"GK","Adam Federici",3500,"MCI vs BOU 10:00AM ET",0,"BOU"
"GK","Artur Boruc",3500,"MCI vs BOU 10:00AM ET",0,"BOU"
"GK","Aaron Ramsdale",3500,"MCI vs BOU 10:00AM ET",0,"BOU"
"GK","Daniel Grimshaw",3500,"MCI vs BOU 10:00AM ET",0,"MCI"
"GK","Robert Green",3500,"SOU vs HUD 10:00AM ET",0,"HUD"
"GK","Stuart Taylor",3500,"SOU vs HUD 10:00AM ET",0,"SOU"
"D","Wesley Hoedt",3500,"SOU vs HUD 10:00AM ET",3.886,"SOU"
"M","Oriol Romeu",3500,"SOU vs HUD 10:00AM ET",4.103,"SOU"
"GK","Jakob Haugaard",3500,"STK vs WBA 10:00AM ET",0,"STK"
"GK","Alex Palmer",3500,"STK vs WBA 10:00AM ET",0,"WBA"
"D","Ryan Shawcross",3500,"STK vs WBA 10:00AM ET",4.942,"STK"
"D","Craig Dawson",3500,"STK vs WBA 10:00AM ET",4.333,"WBA"
"M","Ibrahim Afellay",3500,"STK vs WBA 10:00AM ET",-0.100,"STK"
"GK","Dion Henry",3500,"SWA vs CRY 10:00AM ET",0,"CRY"
"M","Wayne Routledge",3500,"SWA vs CRY 10:00AM ET",0.500,"SWA"
"GK","Nathan Trott",3500,"WHU vs NEW 10:00AM ET",0,"WHU"
"GK","Freddie Woodman",3500,"WHU vs NEW 10:00AM ET",0,"NEW"
"M","Etienne Capoue",3400,"BHA vs WAT 10:00AM ET",3.375,"WAT"
"M","Moussa Sissoko",3400,"BUR vs TOT 12:30PM ET",2.729,"TOT"
"M","Andrew Surman",3400,"MCI vs BOU 10:00AM ET",6.313,"BOU"
"D","Virgil van Dijk",3400,"SOU vs HUD 10:00AM ET",3.518,"SOU"
"D","Geoff Cameron",3400,"STK vs WBA 10:00AM ET",3.479,"STK"
"M","Charlie Adam",3400,"STK vs WBA 10:00AM ET",2.083,"STK"
"D","Mamadou Sakho",3400,"SWA vs CRY 10:00AM ET",4.450,"CRY"
"M","Luka Milivojevic",3400,"SWA vs CRY 10:00AM ET",5.842,"CRY"
"D","Angelo Ogbonna",3400,"WHU vs NEW 10:00AM ET",4.500,"WHU"
"D","Shane Duffy",3300,"BHA vs WAT 10:00AM ET",4.854,"BHA"
"D","Charlie Taylor",3300,"BUR vs TOT 12:30PM ET",4.250,"BUR"
"M","Victor Wanyama",3300,"BUR vs TOT 12:30PM ET",2.500,"TOT"
"M","Marc Pugh",3300,"MCI vs BOU 10:00AM ET",4.000,"BOU"
"D","Jack Stephens",3300,"SOU vs HUD 10:00AM ET",3.042,"SOU"
"D","Bruno Martins Indi",3300,"STK vs WBA 10:00AM ET",2.063,"STK"
"M","James McArthur",3300,"SWA vs CRY 10:00AM ET",5.000,"CRY"
"D","Jose Fonte",3300,"WHU vs NEW 10:00AM ET",5.075,"WHU"
"M","Mark Noble",3300,"WHU vs NEW 10:00AM ET",5.136,"WHU"
"M","Cheikhou Kouyate",3300,"WHU vs NEW 10:00AM ET",4.441,"WHU"
"D","Lewis Dunk",3200,"BHA vs WAT 10:00AM ET",3.583,"BHA"
"D","Miguel Britos",3200,"BHA vs WAT 10:00AM ET",3.583,"WAT"
"M","Davy Propper",3200,"BHA vs WAT 10:00AM ET",5.238,"BHA"
"M","Beram Kayal",3200,"BHA vs WAT 10:00AM ET",3.500,"BHA"
"M","Dale Stephens",3200,"BHA vs WAT 10:00AM ET",3.583,"BHA"
"M","Steve Sidwell",3200,"BHA vs WAT 10:00AM ET",0,"BHA"
"M","Jiri Skalak",3200,"BHA vs WAT 10:00AM ET",0,"BHA"
"M","Soufyan Ahannach",3200,"BHA vs WAT 10:00AM ET",0,"BHA"
"M","Des Hutchinson",3200,"BHA vs WAT 10:00AM ET",0,"BHA"
"M","Jayson Molumby",3200,"BHA vs WAT 10:00AM ET",0,"BHA"
"M","Nathaniel Chalobah",3200,"BHA vs WAT 10:00AM ET",6.100,"WAT"
"M","Ben Watson",3200,"BHA vs WAT 10:00AM ET",0.875,"WAT"
"M","Robbie Brady",3200,"BUR vs TOT 12:30PM ET",10.525,"BUR"
"M","Jeff Hendrick",3200,"BUR vs TOT 12:30PM ET",4.355,"BUR"
"M","Jack Cork",3200,"BUR vs TOT 12:30PM ET",4.222,"BUR"
"M","Steven Defour",3200,"BUR vs TOT 12:30PM ET",4.069,"BUR"
"M","Dean Marney",3200,"BUR vs TOT 12:30PM ET",0,"BUR"
"M","Ashley Westwood",3200,"BUR vs TOT 12:30PM ET",0.429,"BUR"
"M","Fredrik Ulvestad",3200,"BUR vs TOT 12:30PM ET",0,"BUR"
"M","Eric Dier",3200,"BUR vs TOT 12:30PM ET",3.360,"TOT"
"M","Mousa Dembele",3200,"BUR vs TOT 12:30PM ET",1.737,"TOT"
"M","Harry Winks",3200,"BUR vs TOT 12:30PM ET",2.476,"TOT"
"M","Luke Amos",3200,"BUR vs TOT 12:30PM ET",0,"TOT"
"M","Anthony Georgiou",3200,"BUR vs TOT 12:30PM ET",0.000,"TOT"
"M","Tashan Oakley-Boothe",3200,"BUR vs TOT 12:30PM ET",0,"TOT"
"M","Harry Arter",3200,"MCI vs BOU 10:00AM ET",3.891,"BOU"
"M","Lewis Cook",3200,"MCI vs BOU 10:00AM ET",2.932,"BOU"
"M","Dan Gosling",3200,"MCI vs BOU 10:00AM ET",2.594,"BOU"
"M","Emerson Hyndman",3200,"MCI vs BOU 10:00AM ET",0,"BOU"
"M","Connor Mahoney",3200,"MCI vs BOU 10:00AM ET",0,"BOU"
"M","Brahim Diaz",3200,"MCI vs BOU 10:00AM ET",1.500,"MCI"
"D","Florin Gardos",3200,"SOU vs HUD 10:00AM ET",0,"SOU"
"D","Jan Bednarek",3200,"SOU vs HUD 10:00AM ET",0.000,"SOU"
"M","Abdelhamid Sabiri",3200,"SOU vs HUD 10:00AM ET",3.313,"HUD"
"M","Danny Williams",3200,"SOU vs HUD 10:00AM ET",2.179,"HUD"
"M","Jonathan Hogg",3200,"SOU vs HUD 10:00AM ET",2.625,"HUD"
"M","Philip Billing",3200,"SOU vs HUD 10:00AM ET",2.214,"HUD"
"M","Kasey Palmer",3200,"SOU vs HUD 10:00AM ET",1.250,"HUD"
"M","Dean Whitehead",3200,"SOU vs HUD 10:00AM ET",0.167,"HUD"
"M","Jake Hesketh",3200,"SOU vs HUD 10:00AM ET",0,"SOU"
"D","Jonny Evans",3200,"STK vs WBA 10:00AM ET",5.012,"WBA"
"M","Stephen Ireland",3200,"STK vs WBA 10:00AM ET",0,"STK"
"M","Oliver Shenton",3200,"STK vs WBA 10:00AM ET",0,"STK"
"M","Gareth Barry",3200,"STK vs WBA 10:00AM ET",4.700,"WBA"
"M","Claudio Yacob",3200,"STK vs WBA 10:00AM ET",2.500,"WBA"
"M","Jake Livermore",3200,"STK vs WBA 10:00AM ET",2.316,"WBA"
"M","James Morrison",3200,"STK vs WBA 10:00AM ET",4.000,"WBA"
"D","Mike van der Hoorn",3200,"SWA vs CRY 10:00AM ET",3.778,"SWA"
"D","James Tomkins",3200,"SWA vs CRY 10:00AM ET",4.278,"CRY"
"M","Roque Mesa",3200,"SWA vs CRY 10:00AM ET",2.643,"SWA"
"M","Jay Fulton",3200,"SWA vs CRY 10:00AM ET",-2.500,"SWA"
"M","Adam King",3200,"SWA vs CRY 10:00AM ET",0,"SWA"
"M","Courtney Baker-Richardson",3200,"SWA vs CRY 10:00AM ET",0,"SWA"
"M","Leon Britton",3200,"SWA vs CRY 10:00AM ET",0.000,"SWA"
"M","Jordon Mutch",3200,"SWA vs CRY 10:00AM ET",0,"CRY"
"M","Aaron Wan-Bissaka",3200,"SWA vs CRY 10:00AM ET",0,"CRY"
"M","Jason Eyenga Lokilo",3200,"SWA vs CRY 10:00AM ET",0,"CRY"
"D","Winston Reid",3200,"WHU vs NEW 10:00AM ET",3.017,"WHU"
"D","James Collins",3200,"WHU vs NEW 10:00AM ET",1.875,"WHU"
"D","Jamaal Lascelles",3200,"WHU vs NEW 10:00AM ET",3.981,"NEW"
"M","Pedro Obiang",3200,"WHU vs NEW 10:00AM ET",3.607,"WHU"
"M","Edimilson Fernandes",3200,"WHU vs NEW 10:00AM ET",2.156,"WHU"
"M","Declan Rice",3200,"WHU vs NEW 10:00AM ET",0.969,"WHU"
"M","Moses Makasi",3200,"WHU vs NEW 10:00AM ET",0,"WHU"
"M","Nathan Holland",3200,"WHU vs NEW 10:00AM ET",0,"WHU"
"M","Sead Haksabanovic",3200,"WHU vs NEW 10:00AM ET",0.000,"WHU"
"M","Domingos Quina",3200,"WHU vs NEW 10:00AM ET",0,"WHU"
"M","Ben Johnson",3200,"WHU vs NEW 10:00AM ET",0,"WHU"
"M","Isaac Hayden",3200,"WHU vs NEW 10:00AM ET",2.953,"NEW"
"M","Mohamed Diame",3200,"WHU vs NEW 10:00AM ET",1.292,"NEW"
"M","Jack Colback",3200,"WHU vs NEW 10:00AM ET",0,"NEW"
"M","Daniel Barlaser",3200,"WHU vs NEW 10:00AM ET",0,"NEW"
"D","Uwe Hunemeier",3000,"BHA vs WAT 10:00AM ET",0.000,"BHA"
"D","Connor Goldson",3000,"BHA vs WAT 10:00AM ET",0,"BHA"
"D","Christian Kabasele",3000,"BHA vs WAT 10:00AM ET",3.632,"WAT"
"D","Kevin Wimmer",3000,"STK vs WBA 10:00AM ET",0.958,"STK"
"D","Ahmed Hegazi",3000,"STK vs WBA 10:00AM ET",3.988,"WBA"
"D","Alfie Mawson",3000,"SWA vs CRY 10:00AM ET",3.294,"SWA"
"D","Scott Dann",3000,"SWA vs CRY 10:00AM ET",3.214,"CRY"
"D","Ciaran Clark",3000,"WHU vs NEW 10:00AM ET",3.855,"NEW"
"D","Sebastian Prodl",2900,"BHA vs WAT 10:00AM ET",2.000,"WAT"
"D","Simon Francis",2900,"MCI vs BOU 10:00AM ET",3.250,"BOU"
"D","Christopher Schindler",2900,"SOU vs HUD 10:00AM ET",4.485,"HUD"
"D","Kyle Bartley",2900,"SWA vs CRY 10:00AM ET",1.750,"SWA"
"D","Federico Fernandez",2900,"SWA vs CRY 10:00AM ET",3.354,"SWA"
"D","Damien Delaney",2900,"SWA vs CRY 10:00AM ET",2.500,"CRY"
"D","Jairo Riedewald",2900,"SWA vs CRY 10:00AM ET",0.900,"CRY"
"D","Florian Lejeune",2900,"WHU vs NEW 10:00AM ET",3.458,"NEW"
"D","Adrian Mariappa",2800,"BHA vs WAT 10:00AM ET",2.036,"WAT"
"D","Nathan Ake",2800,"MCI vs BOU 10:00AM ET",3.974,"BOU"
"D"," Zanka",2800,"SOU vs HUD 10:00AM ET",3.125,"HUD"
"D","Gareth McAuley",2800,"STK vs WBA 10:00AM ET",2.694,"WBA"
"D","Molla Wague",2700,"BHA vs WAT 10:00AM ET",3.333,"WAT"
"D","Younes Kaboul",2700,"BHA vs WAT 10:00AM ET",2.750,"WAT"
"D","Kevin Long",2700,"BUR vs TOT 12:30PM ET",4.667,"BUR"
"D","Steve Cook",2700,"MCI vs BOU 10:00AM ET",2.554,"BOU"
"D","Martin Cranie",2700,"SOU vs HUD 10:00AM ET",1.167,"HUD"
"D","Michael Hefele",2700,"SOU vs HUD 10:00AM ET",0.000,"HUD"
"D","Craig Cathcart",2600,"BHA vs WAT 10:00AM ET",0.000,"WAT"
"D","Brice Dja Djedje",2600,"BHA vs WAT 10:00AM ET",0,"WAT"
"D","Tommie Hoban",2600,"BHA vs WAT 10:00AM ET",0,"WAT"
"D","Brandon Mason",2600,"BHA vs WAT 10:00AM ET",0,"WAT"
"D","James Tarkowski",2600,"BUR vs TOT 12:30PM ET",4.278,"BUR"
"D","Ben Mee",2600,"BUR vs TOT 12:30PM ET",4.375,"BUR"
"D","Juan Foyth",2600,"BUR vs TOT 12:30PM ET",2.500,"TOT"
"D","Brad Smith",2600,"MCI vs BOU 10:00AM ET",2.000,"BOU"
"D","Jack Simpson",2600,"MCI vs BOU 10:00AM ET",0,"BOU"
"D","Tyrone Mings",2600,"MCI vs BOU 10:00AM ET",-0.250,"BOU"
"D","Benjamin Mendy",2600,"MCI vs BOU 10:00AM ET",8.900,"MCI"
"D","Tosin Adarabioyo",2600,"MCI vs BOU 10:00AM ET",3.000,"MCI"
"D","Demeaco Duhaney",2600,"MCI vs BOU 10:00AM ET",0,"MCI"
"D","Jon Gorenc Stankovic",2600,"SOU vs HUD 10:00AM ET",0,"HUD"
"D","Harry Souttar",2600,"STK vs WBA 10:00AM ET",0,"STK"
"D","Max Melbourne",2600,"STK vs WBA 10:00AM ET",0,"WBA"
"D","Nathan Ferguson",2600,"STK vs WBA 10:00AM ET",0,"WBA"
"D","Joe Rodon",2600,"SWA vs CRY 10:00AM ET",0,"SWA"
"D","Brandon Cooper",2600,"SWA vs CRY 10:00AM ET",0,"SWA"
"D","Michael Phillips",2600,"SWA vs CRY 10:00AM ET",0,"CRY"
